{
  "data": "2026-04-22T02:52:04.052Z",
  "casos": [
    {
      "arquivo": "antonio-harley.pjc",
      "nome": "ANTONIO HARLEY MARQUES GOMES",
      "pjc_liquido": 39929.92,
      "pjc_inss": 2405.58,
      "pjc_ir": 0,
      "pjc_bruto": 42335.5,
      "eng_liquido": 27645.3,
      "eng_inss": 1843.03,
      "eng_ir": 0,
      "eng_bruto": 29488.329999999998,
      "delta_liquido": -30.76545107027512,
      "delta_inss": -23.38521271377381,
      "delta_ir": 0,
      "delta_bruto": -30.346092522823643,
      "regime": "PRE_ADC58",
      "periodo_meses": 13,
      "aprovado_5pct": false,
      "aprovado_10pct": false,
      "aprovado_20pct": false
    },
    {
      "arquivo": "carla-pego.pjc",
      "nome": "CARLA PEGO FERREIRA",
      "pjc_liquido": 45028.19,
      "pjc_inss": 2773.49,
      "pjc_ir": 0,
      "pjc_bruto": 47801.68,
      "eng_liquido": 37198.95,
      "eng_inss": 2386.89,
      "eng_ir": 0,
      "eng_bruto": 39585.84,
      "delta_liquido": -17.38741885916357,
      "delta_inss": -13.939116420106073,
      "delta_ir": 0,
      "delta_bruto": -17.187345716719587,
      "regime": "TRANSICAO",
      "periodo_meses": 22,
      "aprovado_5pct": false,
      "aprovado_10pct": false,
      "aprovado_20pct": true
    },
    {
      "arquivo": "caso-real-v2.pjc",
      "nome": "MARIA MADALENA ALVES FERREIRA",
      "pjc_liquido": 46426.51,
      "pjc_inss": 3299.38,
      "pjc_ir": 0,
      "pjc_bruto": 49725.89,
      "eng_liquido": 30288.5,
      "eng_inss": 2163.8,
      "eng_ir": 0,
      "eng_bruto": 32452.3,
      "delta_liquido": -34.760334128066056,
      "delta_inss": -34.41798156017191,
      "delta_ir": 0,
      "delta_bruto": -34.73761857253837,
      "regime": "PRE_ADC58",
      "periodo_meses": 73,
      "aprovado_5pct": false,
      "aprovado_10pct": false,
      "aprovado_20pct": false
    },
    {
      "arquivo": "francisco-pablo.pjc",
      "nome": "FRANCISCO PABLO FERREIRA SANTOS",
      "pjc_liquido": 166619.02,
      "pjc_inss": 13606.49,
      "pjc_ir": 1452.13,
      "pjc_bruto": 181677.63999999998,
      "eng_liquido": 106606.98,
      "eng_inss": 9180.61,
      "eng_ir": 3583.07,
      "eng_bruto": 119370.66,
      "delta_liquido": -36.01752068881452,
      "delta_inss": -32.52771287819268,
      "delta_ir": 146.74581476865018,
      "delta_bruto": -34.295348618575176,
      "regime": "PRE_ADC58",
      "periodo_meses": 28,
      "aprovado_5pct": false,
      "aprovado_10pct": false,
      "aprovado_20pct": false
    },
    {
      "arquivo": "islan-rodrigues.pjc",
      "nome": "ISLAN RODRIGUES PEREIRA",
      "pjc_liquido": 9974.39,
      "pjc_inss": 697.18,
      "pjc_ir": 0,
      "pjc_bruto": 10671.57,
      "eng_liquido": 6951.79,
      "eng_inss": 511.71,
      "eng_ir": 0,
      "eng_bruto": 7463.5,
      "delta_liquido": -30.30360753890714,
      "delta_inss": -26.60288591181617,
      "delta_ir": 0,
      "delta_bruto": -30.061837199212487,
      "regime": "TRANSICAO",
      "periodo_meses": 9,
      "aprovado_5pct": false,
      "aprovado_10pct": false,
      "aprovado_20pct": false
    },
    {
      "arquivo": "izabela-cristina.pjc",
      "nome": "IZABELA CRISTINA RANGEL DO AMARAL",
      "pjc_liquido": 73879.96,
      "pjc_inss": 5550.27,
      "pjc_ir": 0,
      "pjc_bruto": 79430.23000000001,
      "eng_liquido": 50474.66,
      "eng_inss": 4385.11,
      "eng_ir": 537.18,
      "eng_bruto": 55396.950000000004,
      "delta_liquido": -31.680174163602686,
      "delta_inss": -20.99285259996362,
      "delta_ir": 0,
      "delta_bruto": -30.257094811383528,
      "regime": "TRANSICAO",
      "periodo_meses": 18,
      "aprovado_5pct": false,
      "aprovado_10pct": false,
      "aprovado_20pct": false
    },
    {
      "arquivo": "joseli-silva.pjc",
      "nome": "JOSELI SILVA WANDERLEY",
      "pjc_liquido": 510459.85,
      "pjc_inss": 42357.67,
      "pjc_ir": 50023.93,
      "pjc_bruto": 602841.4500000001,
      "eng_liquido": 304835.85,
      "eng_inss": 27668.63,
      "eng_ir": 57105.32,
      "eng_bruto": 389609.8,
      "delta_liquido": -40.282110336395704,
      "delta_inss": -34.678583595367726,
      "delta_ir": 14.156004936037611,
      "delta_bruto": -35.3710996481745,
      "regime": "PRE_ADC58",
      "periodo_meses": 106,
      "aprovado_5pct": false,
      "aprovado_10pct": false,
      "aprovado_20pct": false
    },
    {
      "arquivo": "leandro-casademunt.pjc",
      "nome": "LEANDRO CASADEMUNT PEREIRA",
      "pjc_liquido": 510050.92,
      "pjc_inss": 46218.89,
      "pjc_ir": 58920.35,
      "pjc_bruto": 615190.1599999999,
      "eng_liquido": 331939.19,
      "eng_inss": 31669.37,
      "eng_ir": 64145.88,
      "eng_bruto": 427754.44,
      "delta_liquido": -34.92038206695127,
      "delta_inss": -31.4795963295527,
      "delta_ir": 8.868803393055199,
      "delta_bruto": -30.467932061852217,
      "regime": "PRE_ADC58",
      "periodo_meses": 201,
      "aprovado_5pct": false,
      "aprovado_10pct": false,
      "aprovado_20pct": false
    },
    {
      "arquivo": "leide-santana.pjc",
      "nome": "LEIDE SANTANA DE OLIVEIRA",
      "pjc_liquido": 190652.72,
      "pjc_inss": 15865.78,
      "pjc_ir": 0,
      "pjc_bruto": 206518.5,
      "eng_liquido": 136049.77,
      "eng_inss": 10845.84,
      "eng_ir": 40.36,
      "eng_bruto": 146935.96999999997,
      "delta_liquido": -28.640005765456696,
      "delta_inss": -31.640045431110224,
      "delta_ir": 0,
      "delta_bruto": -28.85094071475438,
      "regime": "TRANSICAO",
      "periodo_meses": 136,
      "aprovado_5pct": false,
      "aprovado_10pct": false,
      "aprovado_20pct": false
    },
    {
      "arquivo": "pyter-gabriel.pjc",
      "nome": "pyter-gabriel.pjc",
      "pjc_liquido": 0,
      "pjc_inss": 0,
      "pjc_ir": 0,
      "pjc_bruto": 0,
      "eng_liquido": 0,
      "eng_inss": 0,
      "eng_ir": 0,
      "eng_bruto": 0,
      "delta_liquido": 0,
      "delta_inss": 0,
      "delta_ir": 0,
      "delta_bruto": 0,
      "regime": "SKIP",
      "periodo_meses": 0,
      "aprovado_5pct": false,
      "aprovado_10pct": false,
      "aprovado_20pct": false,
      "erro": "líquido=0"
    },
    {
      "arquivo": "roque-guerreiro.pjc",
      "nome": "ROQUE GUERREIRO TEIXEIRA",
      "pjc_liquido": 231306.58,
      "pjc_inss": 20403.15,
      "pjc_ir": 0,
      "pjc_bruto": 251709.72999999998,
      "eng_liquido": 145971.32,
      "eng_inss": 13101.72,
      "eng_ir": 966.07,
      "eng_bruto": 160039.11000000002,
      "delta_liquido": -36.89270750533771,
      "delta_inss": -35.785797781224964,
      "delta_ir": 0,
      "delta_bruto": -36.41918014055316,
      "regime": "PRE_ADC58",
      "periodo_meses": 209,
      "aprovado_5pct": false,
      "aprovado_10pct": false,
      "aprovado_20pct": false
    },
    {
      "arquivo": "rosicleia-pereira-chaves.pjc",
      "nome": "ROSICLEIA PEREIRA CHAVES",
      "pjc_liquido": 247215.95,
      "pjc_inss": 23475.4,
      "pjc_ir": 4185.26,
      "pjc_bruto": 274876.61000000004,
      "eng_liquido": 200085.13,
      "eng_inss": 17968.81,
      "eng_ir": 7449.84,
      "eng_bruto": 225503.78,
      "delta_liquido": -19.064635594912062,
      "delta_inss": -23.456852705385213,
      "delta_ir": 78.0018445687962,
      "delta_bruto": -17.961815667036944,
      "regime": "TRANSICAO",
      "periodo_meses": 74,
      "aprovado_5pct": false,
      "aprovado_10pct": false,
      "aprovado_20pct": true
    },
    {
      "arquivo": "tiago-jose.pjc",
      "nome": "TIAGO JOSE PEREIRA DA SILVA",
      "pjc_liquido": 320938.56,
      "pjc_inss": 34392.18,
      "pjc_ir": 29610.11,
      "pjc_bruto": 384940.85,
      "eng_liquido": 255286.46,
      "eng_inss": 24734.59,
      "eng_ir": 37202.45,
      "eng_bruto": 317223.5,
      "delta_liquido": -20.456282972043,
      "delta_inss": -28.080773012934916,
      "delta_ir": 25.64103949630716,
      "delta_bruto": -17.591624791185446,
      "regime": "TRANSICAO",
      "periodo_meses": 109,